fold,epoch,val_loss,val_auc,tr_auc, train_loss, time
0,0,0.08084800502057282,0.9802857508508896,0.9759177781405195,0.17583229295040298, 2.3128568291664124
0,1,0.06349766500322718,0.9769026479181228,0.9927048597389126,0.09262760656750364, 2.411293705304464
