fold,epoch,val_loss,val_auc,tr_auc, train_loss, time
0,0,0.08084800502057282,0.9802857508508896,0.9759177781405195,0.17583229295040298, 2.3128568291664124
0,1,0.06349766500322718,0.9769026479181228,0.9927048597389126,0.09262760656750364, 2.411293705304464
0,2,0.07509183092666458,0.9754254298206388,0.9966029553393397,0.06382948689481348, 2.36161706050237
0,3,0.0598049762536123,0.9766390489697613,0.9984198448033763,0.04498951183052482, 2.291400396823883
0,4,0.0558885181481874,0.9781497601684157,0.9989568324767482,0.036323732746702385, 2.392839956283569
