fold,epoch,val_loss,val_auc,tr_auc, train_loss, time
fold,epoch,val_loss,val_auc,tr_auc, train_loss, time
0,0,2.733771781917015,0.8923238823522887,0.766967347038737,7.352790222987913, 1.6895298520723978
0,1,1.460672438690826,0.8990007237244488,0.8813469461060288,2.316890636100064, 1.6683277487754822
0,2,1.2404667755579386,0.9054593911752377,0.8875993285245132,1.891606149824238, 1.581771969795227
