fold,epoch,val_loss,val_auc,tr_auc, time
0,0,0.14311491283683145,0.9197122410616129,0.8589763039042152,10.924123390515645
0,1,0.1210040034042025,0.941136474122046,0.9350729441291488,10.884703334172567
