fold,epoch,val_loss,val_auc,tr_auc, time
0,0,0.7037885586420695,0.5647773279352227,0.4620512820512821,0.048352924982706706
0,1,0.6466838916142782,0.6977058029689609,0.755042735042735,0.04813677469889323
1,0,0.7023508548736572,0.6059379217273954,0.6685470085470085,0.04841744105021159
1,1,0.6938506960868835,0.48043184885290147,0.5606837606837607,0.04876993099848429
2,0,1.3029795289039612,0.5592515592515592,0.5075910931174088,0.04992159605026245
2,1,0.6958036422729492,0.4643104643104643,0.4780701754385965,0.04874759912490845
