fold,epoch,val_loss,val_auc,tr_auc, train_loss, time
0,0,0.12080800068583719,0.955245083911721,0.7217851053528778,0.36647741538377443, 1.4288317402203878
0,1,0.10911645410031233,0.9710196241878333,0.8476179147207473,0.28247390842052544, 1.3688287218411763
0,2,0.10334653347464544,0.9750737699869118,0.8662862210911011,0.26840409073269084, 1.4271384358406067
0,3,0.10018196443513948,0.9796841599963073,0.869040246878532,0.2586924399195404, 1.4350388685862223
0,4,0.10194605447313919,0.9777769085291129,0.8811228821465891,0.2522787884064652, 1.4788897116978963
0,5,0.09001041891537986,0.9805919253693071,0.8835567475422772,0.24856151948163452, 1.4569835265477498
0,6,0.09071382116858981,0.9778147508201286,0.8847870542711599,0.24280777489798155, 1.4543781399726867
0,7,0.09269054330011108,0.9816841812779125,0.8853109114433391,0.2428056856801062, 1.4429798364639281
