fold,epoch,val_loss,val_auc,tr_auc, train_loss, time
0,0,3174608.9583333335,3174602.125,6845.61474609375,3762669.8375,3762661.48125,8343.95673828125, 0.5745364546775817
0,1,3052222.5416666665,3052213.7083333335,8783.9375,3667315.734375,3667305.13125,10621.178149414063, 0.15469809770584106
0,2,2945683.3333333335,2945671.75,11583.866536458334,3400847.503125,3400829.89375,17607.184521484374, 0.1666295369466146
0,3,2877648.625,2877635.3333333335,13249.286295572916,3238519.30625,3238497.8875,21413.475048828124, 0.16565215984980267
1,0,3070047.4583333335,3070040.6666666665,6815.2783203125,3757267.05,3757258.71875,8337.509826660156, 0.15183955430984497
1,1,3110966.0833333335,3110957.0833333335,8981.298665364584,3681878.8375,3681868.571875,10285.422033691406, 0.16772174437840778
1,2,2821759.2083333335,2821748.3333333335,10892.93798828125,3367597.034375,3367579.76875,17264.634899902343, 0.1533903956413269
