predictions,targets,train_labels_ids
0.4787878394126892,0.0,2
0.6979160904884338,1.0,4
