predictions,targets,train_labels_ids
0.5607385635375977,0.0,0
0.546230673789978,1.0,3
