predictions,targets,train_labels_ids
0.29687294363975525,0.0,5
0.6234698295593262,1.0,1
