predictions,targets,train_labels_ids
0.482530802488327,0.0,6
0.35468438267707825,1.0,7
