predictions,targets,train_labels_ids
0.4787878394126892,0.0,2
0.6979160904884338,1.0,4
0.482530802488327,0.0,6
0.35468438267707825,1.0,7
0.29687294363975525,0.0,5
0.6234698295593262,1.0,1
0.5607385635375977,0.0,0
0.546230673789978,1.0,3
