fold,epoch,val_loss,val_auc,tr_auc, time
0,0,0.10126031468128216,0.9422261743062385,0.9028890489385409,2.6949875672658283
0,1,0.08427725520581292,0.9636394032817734,0.9781992339941462,2.2254331866900126
