fold,epoch,val_loss,val_auc,tr_auc, train_loss, time
0,0,0.2090008380948756,0.9402548157500066,0.8933747774188046,0.1710223426747763, 2.251475441455841
0,1,0.14650738187139017,0.9615061096940859,0.9615265613004607,0.0880236871881873, 2.2370001792907717
0,2,0.07864473985474822,0.9671364805830082,0.9743740112130275,0.06833584003742835, 2.2586874683698017
0,3,0.08211091534906942,0.9704300712678995,0.9832143706816583,0.05590393662452302, 2.2185033241907757
0,4,0.13552016494956048,0.9628926737174723,0.9873984389994241,0.048478736012752745, 2.234368324279785
1,0,0.1977949422874431,0.9538292202135085,0.8924682338648626,0.17246297576550243, 2.2378065983454385
1,1,0.5686336605404552,0.963308301969193,0.9600678339517627,0.09179978707779934, 2.216319914658864
1,2,0.487789736820114,0.9663425792915893,0.9734945031108055,0.07171506803010774, 2.2007557272911074
1,3,0.06995041734581738,0.9750537622805727,0.9815779907182309,0.05844153271438427, 2.2438108126322427
