predictions,targets,target_ids
0.582777738571167,1.0,7
0.7122373580932617,0.0,6
