predictions,targets,target_ids
0.7906032204627991,1.0,3
0.24654904007911682,0.0,0
