predictions,targets,target_ids
1.0,1.0,4
0.6622416973114014,0.0,2
0.582777738571167,1.0,7
0.7122373580932617,0.0,6
0.5948123931884766,1.0,1
0.5391025543212891,0.0,5
0.7906032204627991,1.0,3
0.24654904007911682,0.0,0
