predictions,targets,target_ids
0.5948123931884766,1.0,1
0.5391025543212891,0.0,5
