id,target
00034db451c4,0.4827582612633705
0006316b5ca0,0.37901466415496543
0006a953d21b,0.2563579705627499
0008a33d6695,0.5883038118481636
00095b5119fc,0.5351893827319145
000c99f1a336,0.6591982543468475
000cb84d12e4,0.9209808707237244
000df2799b46,0.2982287936320063
000e43012936,0.37000297382473946
001004691ca1,0.9135191589593887
