id,target
00034db451c4,0.5371870547533035
0006316b5ca0,0.3968549054361574
0006a953d21b,0.9985730051994324
0008a33d6695,0.2578725281637162
00095b5119fc,0.25578347212285735
000c99f1a336,0.26096389070153236
000cb84d12e4,0.5372798442840576
000df2799b46,0.5512698292732239
000e43012936,0.2911563288071175
001004691ca1,0.9287170618772507
