id,target
00034db451c4,0.6605042591691017
0006316b5ca0,0.6364239454269409
0006a953d21b,0.5697294361889362
0008a33d6695,0.5971326231956482
00095b5119fc,0.6313282400369644
000c99f1a336,0.5824100077152252
000cb84d12e4,0.6377562060952187
000df2799b46,0.5856128036975861
000e43012936,0.5899828635156155
001004691ca1,0.6726422905921936
