predictions,targets,target_ids
0.3610230088233948,0.0,6
0.42034676671028137,1.0,7
