predictions,targets,target_ids
0.46309590339660645,0.0,2
0.6485738754272461,1.0,4
0.3610230088233948,0.0,6
0.42034676671028137,1.0,7
0.32088223099708557,1.0,1
0.20469848811626434,0.0,5
0.2959446609020233,0.0,0
0.4176916480064392,1.0,3
