predictions,targets,target_ids
0.2959446609020233,0.0,0
0.4176916480064392,1.0,3
