predictions,targets,target_ids
0.46309590339660645,0.0,2
0.6485738754272461,1.0,4
