predictions,targets,target_ids
0.32088223099708557,1.0,1
0.20469848811626434,0.0,5
