id,target
00034db451c4,0.320917010307312
0006316b5ca0,0.278034970164299
0006a953d21b,0.43243197351694107
0008a33d6695,0.5267781764268875
00095b5119fc,0.39223533868789673
000c99f1a336,0.40094322711229324
000cb84d12e4,0.3928762674331665
000df2799b46,0.42332950979471207
000e43012936,0.28253550082445145
001004691ca1,0.31547190248966217
